[{"model": "auctions.user", "pk": 4, "fields": {"password": "pbkdf2_sha256$216000$UzfTqlt5k4gT$1dhTLV0LvoAZDCIHS3aM5H9QdY9ZiaVQpn55wo/wI+A=", "last_login": "2021-01-15T14:50:58.447Z", "is_superuser": true, "username": "priya", "first_name": "", "last_name": "", "email": "priyathamsaichand@gmail.com", "is_staff": true, "is_active": true, "date_joined": "2020-10-18T16:18:02.802Z", "groups": [], "user_permissions": [], "watchlist": ["Pant"]}}, {"model": "auctions.user", "pk": 5, "fields": {"password": "pbkdf2_sha256$216000$aVnFwEK587Qg$Z0o8n+FlGI/BAguqdNJ/9SqHgWp0Uq+FIPr8ISN29R0=", "last_login": "2021-01-15T12:08:54.298Z", "is_superuser": false, "username": "asdf", "first_name": "", "last_name": "", "email": "asdf@gmail.com", "is_staff": false, "is_active": true, "date_joined": "2020-10-19T04:57:16Z", "groups": [], "user_permissions": [], "watchlist": ["shirt"]}}, {"model": "auctions.user", "pk": 6, "fields": {"password": "pbkdf2_sha256$180000$dSuE60ITXWLf$iYDQ4AP8SnFSSwRwRVLVmwHy87hHGBgRt9UXfqE76eQ=", "last_login": "2020-10-24T14:24:50.136Z", "is_superuser": false, "username": "stranger", "first_name": "", "last_name": "", "email": "stranger@gmail.com", "is_staff": false, "is_active": true, "date_joined": "2020-10-24T13:23:50.117Z", "groups": [], "user_permissions": [], "watchlist": []}}, {"model": "auctions.user", "pk": 7, "fields": {"password": "pbkdf2_sha256$180000$guv0RGZaM6qr$b2RcBG0kyLQGrDpHG/0tNLkBmXq9+UvkFtnB+K4jENY=", "last_login": "2020-10-26T16:54:03.491Z", "is_superuser": false, "username": "batman", "first_name": "", "last_name": "", "email": "batman@gmail.com", "is_staff": false, "is_active": true, "date_joined": "2020-10-25T16:27:33.047Z", "groups": [], "user_permissions": [], "watchlist": ["Pant", "Shoes"]}}, {"model": "auctions.auctionlisting", "pk": "Book", "fields": {"user": 5, "price": "5.00", "desc": "it's an empty book", "picture": "default_eh94MXW.png", "category": "Books", "date_added": "2020-10-20T12:45:50.869Z", "closed": false}}, {"model": "auctions.auctionlisting", "pk": "Chair", "fields": {"user": 4, "price": "35.00", "desc": "it's a chair", "picture": "wooden-chair-500x500.jpg", "category": "Home", "date_added": "2021-01-16T02:03:20.700Z", "closed": false}}, {"model": "auctions.auctionlisting", "pk": "Chicken", "fields": {"user": 4, "price": "10.00", "desc": "it's a chicken", "picture": "default.png", "category": "Others", "date_added": "2021-01-15T16:51:14.245Z", "closed": false}}, {"model": "auctions.auctionlisting", "pk": "Dinosaur", "fields": {"user": 4, "price": "1000.00", "desc": "it's a t rex", "picture": "Screenshot_2021-01-12_121010_fohlCLJ.png", "category": "Others", "date_added": "2021-01-15T08:52:04.316Z", "closed": false}}, {"model": "auctions.auctionlisting", "pk": "Earphones", "fields": {"user": 5, "price": "45.00", "desc": "it's a pair of earphones", "picture": "earphones_KDlbHFW.jpg", "category": "Electronics", "date_added": "2021-01-15T08:38:50.187Z", "closed": false}}, {"model": "auctions.auctionlisting", "pk": "Glasses", "fields": {"user": 4, "price": "25.00", "desc": "it's a pair of glasses", "picture": "glasses.jpg", "category": "Fashion", "date_added": "2021-01-15T09:41:02.015Z", "closed": true}}, {"model": "auctions.auctionlisting", "pk": "Gloves", "fields": {"user": 4, "price": "10.00", "desc": "it's a pair of gloves", "picture": "gloves_gFYXyCP.jpg", "category": "Fashion", "date_added": "2020-10-19T12:05:09.447Z", "closed": false}}, {"model": "auctions.auctionlisting", "pk": "Pant", "fields": {"user": 4, "price": "100.00", "desc": "it's a pant", "picture": "pants_AIkm1Kk.jpg", "category": "Fashion", "date_added": "2020-10-19T12:03:44.620Z", "closed": false}}, {"model": "auctions.auctionlisting", "pk": "Pen", "fields": {"user": 4, "price": "100.00", "desc": "it's a pen", "picture": "pen_4ydPxXS.jpg", "category": "Home", "date_added": "2020-10-19T06:09:56.146Z", "closed": true}}, {"model": "auctions.auctionlisting", "pk": "Shoes", "fields": {"user": 5, "price": "50.00", "desc": "it's a pair of shoes", "picture": "shoes_oCoaxzO.jpg", "category": "Fashion", "date_added": "2020-10-20T12:44:29.433Z", "closed": false}}, {"model": "auctions.auctionlisting", "pk": "shirt", "fields": {"user": 4, "price": "20.00", "desc": "it's a shirt", "picture": "elephant_cotton_t-shirt_-_blue_1_1_CU54a4r.jpg", "category": "Fashion", "date_added": "2020-10-19T11:59:27.616Z", "closed": true}}, {"model": "auctions.auctionlisting", "pk": "tv", "fields": {"user": 4, "price": "340.00", "desc": "it's a good tv", "picture": "tv_nnNPkRZ.jfif", "category": "Electronics", "date_added": "2020-10-26T17:07:33.023Z", "closed": false}}, {"model": "auctions.auctionlisting", "pk": "xbox", "fields": {"user": 5, "price": "250.00", "desc": "it's a video game", "picture": "XboxSeriesXHERO_D1F3VbS.jpg", "category": "Videogames", "date_added": "2020-10-19T11:52:13.906Z", "closed": true}}, {"model": "auctions.comment", "pk": 7, "fields": {"listing": "Pen", "user": 4, "body": "zopfjgiodfjgfodjgfdjggjdfg", "date_added": "2020-10-20T15:57:21.075Z"}}, {"model": "auctions.comment", "pk": 8, "fields": {"listing": "Pen", "user": 4, "body": "qwer", "date_added": "2020-10-20T15:57:34.088Z"}}, {"model": "auctions.comment", "pk": 9, "fields": {"listing": "Pen", "user": 4, "body": "qwer", "date_added": "2020-10-20T15:58:10.562Z"}}, {"model": "auctions.comment", "pk": 10, "fields": {"listing": "Pen", "user": 4, "body": "zv", "date_added": "2020-10-20T15:58:19.118Z"}}, {"model": "auctions.comment", "pk": 11, "fields": {"listing": "Pen", "user": 4, "body": "ui", "date_added": "2020-10-20T15:58:27.259Z"}}, {"model": "auctions.comment", "pk": 12, "fields": {"listing": "Pen", "user": 4, "body": "ui", "date_added": "2020-10-20T15:59:03.031Z"}}, {"model": "auctions.comment", "pk": 13, "fields": {"listing": "Pen", "user": 4, "body": "ui", "date_added": "2020-10-20T15:59:27.529Z"}}, {"model": "auctions.comment", "pk": 14, "fields": {"listing": "xbox", "user": 5, "body": "asdf", "date_added": "2020-10-21T13:16:35.107Z"}}, {"model": "auctions.comment", "pk": 15, "fields": {"listing": "xbox", "user": 5, "body": "asdf", "date_added": "2020-10-21T13:17:44.568Z"}}, {"model": "auctions.comment", "pk": 16, "fields": {"listing": "xbox", "user": 5, "body": "asdf", "date_added": "2020-10-21T13:22:06.636Z"}}, {"model": "auctions.comment", "pk": 17, "fields": {"listing": "shirt", "user": 5, "body": "zzxcv", "date_added": "2020-10-21T14:33:17.074Z"}}, {"model": "auctions.comment", "pk": 18, "fields": {"listing": "shirt", "user": 5, "body": "Bid on mine!", "date_added": "2020-10-24T13:18:31.815Z"}}, {"model": "auctions.comment", "pk": 19, "fields": {"listing": "shirt", "user": 6, "body": "Heyya !!", "date_added": "2020-10-24T14:25:02.514Z"}}, {"model": "auctions.comment", "pk": 20, "fields": {"listing": "Shoes", "user": 4, "body": "Can I please have this one", "date_added": "2020-10-25T16:28:29.222Z"}}, {"model": "auctions.comment", "pk": 21, "fields": {"listing": "Pant", "user": 5, "body": "I WANT IT", "date_added": "2020-10-26T16:45:21.495Z"}}, {"model": "auctions.comment", "pk": 22, "fields": {"listing": "shirt", "user": 7, "body": "hi", "date_added": "2020-10-26T16:56:04.201Z"}}, {"model": "auctions.comment", "pk": 23, "fields": {"listing": "shirt", "user": 7, "body": "hello", "date_added": "2020-10-26T16:59:06.055Z"}}, {"model": "auctions.bids", "pk": 1, "fields": {"bid_value": "250.00", "user": 4, "listing": "xbox"}}, {"model": "auctions.bids", "pk": 2, "fields": {"bid_value": "57.00", "user": 7, "listing": "shirt"}}, {"model": "auctions.bids", "pk": 3, "fields": {"bid_value": "100.00", "user": 4, "listing": "Pen"}}, {"model": "auctions.bids", "pk": 4, "fields": {"bid_value": "145.00", "user": 5, "listing": "Pant"}}, {"model": "auctions.bids", "pk": 5, "fields": {"bid_value": "12.00", "user": 7, "listing": "Gloves"}}, {"model": "auctions.bids", "pk": 10, "fields": {"bid_value": "65.00", "user": 4, "listing": "Shoes"}}, {"model": "auctions.bids", "pk": 11, "fields": {"bid_value": "6.50", "user": 4, "listing": "Book"}}, {"model": "auctions.bids", "pk": 14, "fields": {"bid_value": "345.00", "user": 5, "listing": "tv"}}, {"model": "auctions.bids", "pk": 15, "fields": {"bid_value": "1250.00", "user": 5, "listing": "Dinosaur"}}, {"model": "auctions.bids", "pk": 16, "fields": {"bid_value": "8000.00", "user": 4, "listing": "Earphones"}}, {"model": "auctions.bids", "pk": 17, "fields": {"bid_value": "25.00", "user": 4, "listing": "Glasses"}}, {"model": "auctions.bids", "pk": 19, "fields": {"bid_value": "10.00", "user": 4, "listing": "Chicken"}}, {"model": "auctions.bids", "pk": 20, "fields": {"bid_value": "35.00", "user": 4, "listing": "Chair"}}, {"model": "admin.logentry", "pk": 13, "fields": {"action_time": "2020-10-18T16:20:00.374Z", "user": 4, "content_type": 8, "object_id": "Pen", "object_repr": "Pen: 100,it's a pen,https://media.istockphoto.com/photos/pen-picture-id1059543698?k=6&m=1059543698&s=612x612&w=0&h=xP1e33j1EAAbfrFvERELOnblyFJ3xjPxbSwmj40Nvco=,Home,2020-10-18 16:20:00.372782+00:00", "action_flag": 1, "change_message": "[{\"added\": {}}]"}}, {"model": "admin.logentry", "pk": 14, "fields": {"action_time": "2020-10-18T16:29:07.770Z", "user": 4, "content_type": 8, "object_id": "Pen", "object_repr": "Pen: 100.00,it's a pen,https://media.istockphoto.com/photos/pen-picture-id1059543698?k=6&m=1059543698&s=612x612&w=0&h=xP1e33j1EAAbfrFvERELOnblyFJ3xjPxbSwmj40Nvco=,Home,2020-10-18 16:20:00.372782+00:00", "action_flag": 3, "change_message": ""}}, {"model": "admin.logentry", "pk": 15, "fields": {"action_time": "2020-10-18T17:07:41.925Z", "user": 4, "content_type": 8, "object_id": "Pen", "object_repr": "Pen: 100,it's a pen,https://media.istockphoto.com/photos/pen-picture-id1059543698?k=6&m=1059543698&s=612x612&w=0&h=xP1e33j1EAAbfrFvERELOnblyFJ3xjPxbSwmj40Nvco=,Home,2020-10-18 17:07:41.920763+00:00", "action_flag": 1, "change_message": "[{\"added\": {}}]"}}, {"model": "admin.logentry", "pk": 16, "fields": {"action_time": "2020-10-18T17:32:22.018Z", "user": 4, "content_type": 8, "object_id": "Pen", "object_repr": "Pen: 100.00,it's a pen,https://media.istockphoto.com/photos/pen-picture-id1059543698?k=6&m=1059543698&s=612x612&w=0&h=xP1e33j1EAAbfrFvERELOnblyFJ3xjPxbSwmj40Nvco=,Home,2020-10-18 17:07:41.920763+00:00", "action_flag": 3, "change_message": ""}}, {"model": "admin.logentry", "pk": 17, "fields": {"action_time": "2020-10-18T17:47:19.678Z", "user": 4, "content_type": 8, "object_id": "Pen", "object_repr": "Pen: 100,it's a pen,https://media.istockphoto.com/photos/pen-picture-id1059543698?k=6&m=1059543698&s=612x612&w=0&h=xP1e33j1EAAbfrFvERELOnblyFJ3xjPxbSwmj40Nvco=,Home,2020-10-18 17:47:19.665866+00:00", "action_flag": 1, "change_message": "[{\"added\": {}}]"}}, {"model": "admin.logentry", "pk": 18, "fields": {"action_time": "2020-10-19T05:36:19.649Z", "user": 4, "content_type": 8, "object_id": "Pen", "object_repr": "Pen: 100.00,it's a pen,https://media.istockphoto.com/photos/pen-picture-id1059543698?k=6&m=1059543698&s=612x612&w=0&h=xP1e33j1EAAbfrFvERELOnblyFJ3xjPxbSwmj40Nvco=,Home,2020-10-18 17:47:19.665866+00:00", "action_flag": 3, "change_message": ""}}, {"model": "admin.logentry", "pk": 19, "fields": {"action_time": "2020-10-19T06:09:56.148Z", "user": 4, "content_type": 8, "object_id": "Pen", "object_repr": "Pen: 100,it's a pen,https://media.istockphoto.com/photos/pen-picture-id1059543698?k=6&m=1059543698&s=612x612&w=0&h=xP1e33j1EAAbfrFvERELOnblyFJ3xjPxbSwmj40Nvco=,Home,2020-10-19 06:09:56.146458+00:00", "action_flag": 1, "change_message": "[{\"added\": {}}]"}}, {"model": "admin.logentry", "pk": 20, "fields": {"action_time": "2020-10-19T06:10:34.890Z", "user": 4, "content_type": 1, "object_id": "5", "object_repr": "asdf", "action_flag": 2, "change_message": "[{\"changed\": {\"fields\": [\"Watchlist\"]}}]"}}, {"model": "admin.logentry", "pk": 21, "fields": {"action_time": "2020-10-19T06:15:54.877Z", "user": 4, "content_type": 1, "object_id": "5", "object_repr": "asdf", "action_flag": 2, "change_message": "[{\"changed\": {\"fields\": [\"Watchlist\"]}}]"}}, {"model": "admin.logentry", "pk": 22, "fields": {"action_time": "2020-10-19T11:58:09.177Z", "user": 4, "content_type": 8, "object_id": "Shirt", "object_repr": "Shirt: 20.00,it's a shirt,,Fashion,2020-10-19 11:50:15.379595+00:00", "action_flag": 3, "change_message": ""}}, {"model": "admin.logentry", "pk": 23, "fields": {"action_time": "2020-10-19T12:11:58.367Z", "user": 4, "content_type": 8, "object_id": "xbox", "object_repr": "xbox: 250.00,it's a video game,https://news.xbox.com/en-us/wp-content/uploads/sites/2/2019/12/XboxSeriesXHERO.jpg?fit=1920%2C1080,Video-Games,2020-10-19 11:52:13.906388+00:00", "action_flag": 2, "change_message": "[{\"changed\": {\"fields\": [\"Category\"]}}]"}}, {"model": "admin.logentry", "pk": 24, "fields": {"action_time": "2020-10-19T12:15:01.550Z", "user": 4, "content_type": 8, "object_id": "xbox", "object_repr": "xbox: 250.00,it's a video game,https://news.xbox.com/en-us/wp-content/uploads/sites/2/2019/12/XboxSeriesXHERO.jpg?fit=1920%2C1080,Videogames,2020-10-19 11:52:13.906388+00:00", "action_flag": 2, "change_message": "[{\"changed\": {\"fields\": [\"Category\"]}}]"}}, {"model": "admin.logentry", "pk": 25, "fields": {"action_time": "2020-10-19T17:29:13.019Z", "user": 4, "content_type": 11, "object_id": "1", "object_repr": "Bids object (1)", "action_flag": 1, "change_message": "[{\"added\": {}}]"}}, {"model": "admin.logentry", "pk": 26, "fields": {"action_time": "2020-10-19T17:30:36.820Z", "user": 4, "content_type": 11, "object_id": "2", "object_repr": "Bids object (2)", "action_flag": 1, "change_message": "[{\"added\": {}}]"}}, {"model": "admin.logentry", "pk": 27, "fields": {"action_time": "2020-10-19T17:30:49.311Z", "user": 4, "content_type": 11, "object_id": "3", "object_repr": "Bids object (3)", "action_flag": 1, "change_message": "[{\"added\": {}}]"}}, {"model": "admin.logentry", "pk": 28, "fields": {"action_time": "2020-10-19T17:30:57.076Z", "user": 4, "content_type": 11, "object_id": "4", "object_repr": "Bids object (4)", "action_flag": 1, "change_message": "[{\"added\": {}}]"}}, {"model": "admin.logentry", "pk": 29, "fields": {"action_time": "2020-10-19T17:31:11.815Z", "user": 4, "content_type": 11, "object_id": "5", "object_repr": "Bids object (5)", "action_flag": 1, "change_message": "[{\"added\": {}}]"}}, {"model": "admin.logentry", "pk": 30, "fields": {"action_time": "2020-10-19T17:31:23.528Z", "user": 4, "content_type": 11, "object_id": "2", "object_repr": "Bids object (2)", "action_flag": 2, "change_message": "[]"}}, {"model": "admin.logentry", "pk": 31, "fields": {"action_time": "2020-10-20T09:56:54.881Z", "user": 4, "content_type": 11, "object_id": "1", "object_repr": "Bids object (1)", "action_flag": 2, "change_message": "[{\"changed\": {\"fields\": [\"Bid value\"]}}]"}}, {"model": "admin.logentry", "pk": 32, "fields": {"action_time": "2020-10-20T10:10:59.586Z", "user": 4, "content_type": 11, "object_id": "8", "object_repr": "Bids object (8)", "action_flag": 3, "change_message": ""}}, {"model": "admin.logentry", "pk": 33, "fields": {"action_time": "2020-10-20T10:11:03.289Z", "user": 4, "content_type": 11, "object_id": "7", "object_repr": "Bids object (7)", "action_flag": 3, "change_message": ""}}, {"model": "admin.logentry", "pk": 34, "fields": {"action_time": "2020-10-20T10:11:13.206Z", "user": 4, "content_type": 11, "object_id": "6", "object_repr": "Bids object (6)", "action_flag": 2, "change_message": "[{\"changed\": {\"fields\": [\"Bid value\"]}}]"}}, {"model": "admin.logentry", "pk": 35, "fields": {"action_time": "2020-10-20T10:14:13.421Z", "user": 4, "content_type": 11, "object_id": "9", "object_repr": "Bids object (9)", "action_flag": 3, "change_message": ""}}, {"model": "admin.logentry", "pk": 36, "fields": {"action_time": "2020-10-20T10:15:36.913Z", "user": 4, "content_type": 11, "object_id": "6", "object_repr": "Bids object (6)", "action_flag": 3, "change_message": ""}}, {"model": "admin.logentry", "pk": 37, "fields": {"action_time": "2020-10-20T10:15:45.237Z", "user": 4, "content_type": 11, "object_id": "1", "object_repr": "Bids object (1)", "action_flag": 2, "change_message": "[{\"changed\": {\"fields\": [\"Bid value\"]}}]"}}, {"model": "admin.logentry", "pk": 38, "fields": {"action_time": "2020-10-20T12:47:35.493Z", "user": 4, "content_type": 8, "object_id": "shirt", "object_repr": "shirt: 20.00,it's a shirt,https://upload.wikimedia.org/wikipedia/commons/thumb/2/24/Blue_Tshirt.jpg/220px-Blue_Tshirt.jpg,Fashion,2020-10-19 11:59:27.616308+00:00", "action_flag": 2, "change_message": "[{\"changed\": {\"fields\": [\"Picture\"]}}]"}}, {"model": "admin.logentry", "pk": 39, "fields": {"action_time": "2020-10-20T12:48:13.056Z", "user": 4, "content_type": 8, "object_id": "Gloves", "object_repr": "Gloves: 10.00,it's a pair of gloves,https://cdn.mec.ca/medias/sys_master/high-res/high-res/8968628469790/5042725-SIL63.jpg,Fashion,2020-10-19 12:05:09.447254+00:00", "action_flag": 2, "change_message": "[{\"changed\": {\"fields\": [\"Picture\"]}}]"}}, {"model": "admin.logentry", "pk": 40, "fields": {"action_time": "2020-10-20T12:48:31.888Z", "user": 4, "content_type": 8, "object_id": "Pant", "object_repr": "Pant: 100.00,it's a pant,https://cdn.mec.ca/medias/sys_master/high-res/high-res/8968628469790/5042725-SIL63.jpg,Fashion,2020-10-19 12:03:44.620222+00:00", "action_flag": 2, "change_message": "[{\"changed\": {\"fields\": [\"Picture\"]}}]"}}, {"model": "admin.logentry", "pk": 41, "fields": {"action_time": "2020-10-20T12:49:54.898Z", "user": 4, "content_type": 8, "object_id": "Gloves", "object_repr": "Gloves: 10.00,it's a pair of gloves,https://www.riobeauty.co.uk/images/product_image_not_found.gif,Fashion,2020-10-19 12:05:09.447254+00:00", "action_flag": 2, "change_message": "[{\"changed\": {\"fields\": [\"Picture\"]}}]"}}, {"model": "admin.logentry", "pk": 42, "fields": {"action_time": "2020-10-20T12:50:04.563Z", "user": 4, "content_type": 8, "object_id": "Shoes", "object_repr": "Shoes: 50.00,it's a pair of shoes,https://www.riobeauty.co.uk/images/product_image_not_found.gif,Fashion,2020-10-20 12:44:29.433206+00:00", "action_flag": 2, "change_message": "[{\"changed\": {\"fields\": [\"Picture\"]}}]"}}, {"model": "admin.logentry", "pk": 43, "fields": {"action_time": "2020-10-20T13:06:52.068Z", "user": 4, "content_type": 8, "object_id": "shirt", "object_repr": "shirt: 20.00,it's a shirt,https://upload.wikimedia.org/wikipedia/commons/8/8c/Polo_Shirt_Basic_Pattern.png,Fashion,2020-10-19 11:59:27.616308+00:00", "action_flag": 2, "change_message": "[{\"changed\": {\"fields\": [\"Picture\"]}}]"}}, {"model": "admin.logentry", "pk": 44, "fields": {"action_time": "2020-10-21T15:26:58.928Z", "user": 4, "content_type": 8, "object_id": "Pant", "object_repr": "Pant: 100.00,it's a pant,https://www.riobeauty.co.uk/images/product_image_not_found.gif,Fashion,2020-10-19 12:03:44.620222+00:00", "action_flag": 2, "change_message": "[{\"changed\": {\"fields\": [\"Picture\"]}}]"}}, {"model": "admin.logentry", "pk": 45, "fields": {"action_time": "2020-10-21T15:27:05.159Z", "user": 4, "content_type": 8, "object_id": "Gloves", "object_repr": "Gloves: 10.00,it's a pair of gloves,https://cdn.mec.ca/medias/sys_master/high-res/high-res/8968628469790/5042725-SIL63.jpg,Fashion,2020-10-19 12:05:09.447254+00:00", "action_flag": 2, "change_message": "[{\"changed\": {\"fields\": [\"Picture\"]}}]"}}, {"model": "admin.logentry", "pk": 46, "fields": {"action_time": "2020-10-21T15:49:17.531Z", "user": 4, "content_type": 8, "object_id": "Pant", "object_repr": "Pant: 100.00,it's a pant,https://us.123rf.com/450wm/pavelstasevich/pavelstasevich1811/pavelstasevich181101032/112815935-stock-vector-no-image-available-icon-flat-vector-illustration.jpg?ver=6,Fashion,", "action_flag": 2, "change_message": "[{\"changed\": {\"fields\": [\"Picture\"]}}]"}}, {"model": "admin.logentry", "pk": 47, "fields": {"action_time": "2020-10-21T15:49:57.594Z", "user": 4, "content_type": 8, "object_id": "Pant", "object_repr": "Pant: 100.00,it's a pant,https://icon-library.com/images/no-photo-available-icon/no-photo-available-icon-8.jpg,Fashion,2020-10-19 12:03:44.620222+00:00", "action_flag": 2, "change_message": "[{\"changed\": {\"fields\": [\"Picture\"]}}]"}}, {"model": "admin.logentry", "pk": 48, "fields": {"action_time": "2020-10-21T15:50:57.617Z", "user": 4, "content_type": 8, "object_id": "Pant", "object_repr": "Pant: 100.00,it's a pant,https://www.westernheights.k12.ok.us/wp-content/uploads/2020/01/No-Photo-Available.jpg,Fashion,2020-10-19 12:03:44.620222+00:00", "action_flag": 2, "change_message": "[{\"changed\": {\"fields\": [\"Picture\"]}}]"}}, {"model": "admin.logentry", "pk": 49, "fields": {"action_time": "2020-10-21T15:51:33.138Z", "user": 4, "content_type": 8, "object_id": "Pant", "object_repr": "Pant: 100.00,it's a pant,https://us.123rf.com/450wm/infadel/infadel1712/infadel171200119/91684826-stock-vector-a-black-linear-photo-camera-logo-like-no-image-available-.jpg?ver=6,Fashion,2020-10-19 12", "action_flag": 2, "change_message": "[{\"changed\": {\"fields\": [\"Picture\"]}}]"}}, {"model": "admin.logentry", "pk": 50, "fields": {"action_time": "2020-10-22T15:38:53.401Z", "user": 4, "content_type": 8, "object_id": "Pant", "object_repr": "Pant: 100.00,it's a pant,https://upload.wikimedia.org/wikipedia/commons/thumb/1/15/No_image_available_600_x_450.svg/1280px-No_image_available_600_x_450.svg.png,Fashion,2020-10-19 12:03:44.620222+00:00", "action_flag": 2, "change_message": "[{\"changed\": {\"fields\": [\"Picture\"]}}]"}}, {"model": "admin.logentry", "pk": 51, "fields": {"action_time": "2020-10-22T15:40:51.243Z", "user": 4, "content_type": 8, "object_id": "Book", "object_repr": "Book: 5.00,it's an empty book,https://upload.wikimedia.org/wikipedia/commons/thumb/1/15/No_image_available_600_x_450.svg/1280px-No_image_available_600_x_450.svg.png,Books,2020-10-20 12:45:50.869579+00", "action_flag": 2, "change_message": "[{\"changed\": {\"fields\": [\"Picture\"]}}]"}}, {"model": "admin.logentry", "pk": 52, "fields": {"action_time": "2020-10-22T15:41:07.416Z", "user": 4, "content_type": 8, "object_id": "shirt", "object_repr": "shirt: 20.00,it's a shirt,https://upload.wikimedia.org/wikipedia/commons/thumb/1/15/No_image_available_600_x_450.svg/1280px-No_image_available_600_x_450.svg.png,Fashion,2020-10-19 11:59:27.616308+00:0", "action_flag": 2, "change_message": "[{\"changed\": {\"fields\": [\"Picture\"]}}]"}}, {"model": "admin.logentry", "pk": 53, "fields": {"action_time": "2020-10-22T15:41:26.187Z", "user": 4, "content_type": 8, "object_id": "Shoes", "object_repr": "Shoes: 50.00,it's a pair of shoes,https://upload.wikimedia.org/wikipedia/commons/thumb/1/15/No_image_available_600_x_450.svg/1280px-No_image_available_600_x_450.svg.png,Fashion,2020-10-20 12:44:29.433", "action_flag": 2, "change_message": "[{\"changed\": {\"fields\": [\"Picture\"]}}]"}}, {"model": "admin.logentry", "pk": 54, "fields": {"action_time": "2020-10-25T16:40:02.395Z", "user": 4, "content_type": 8, "object_id": "shirt", "object_repr": "shirt: 20.00,it's a shirt,https://www.jimthompson.com/pub/media/catalog/product/cache/ede1d9d35c64c156253d21b0e39e1a77/e/l/elephant_cotton_t-shirt_-_blue_1_1.jpg,Fashion,2020-10-19 11:59:27.616308+00:", "action_flag": 2, "change_message": "[{\"changed\": {\"fields\": [\"Picture\"]}}]"}}, {"model": "admin.logentry", "pk": 55, "fields": {"action_time": "2020-10-25T16:40:28.680Z", "user": 4, "content_type": 8, "object_id": "Shoes", "object_repr": "Shoes: 50.00,it's a pair of shoes,https://image.cnbcfm.com/api/v1/image/105680013-1547583426762nike1.jpg?v=1547583682,Fashion,2020-10-20 12:44:29.433206+00:00", "action_flag": 2, "change_message": "[{\"changed\": {\"fields\": [\"Picture\"]}}]"}}, {"model": "admin.logentry", "pk": 56, "fields": {"action_time": "2020-10-25T16:44:13.601Z", "user": 4, "content_type": 8, "object_id": "Pant", "object_repr": "Pant: 100.00,it's a pant,https://www.lafuma.com/media/catalog/product/cache/18/image/9df78eab33525d08d6e5fb8d27136e95/l/f/lfv11318-2768-pantalon-homme-access-cargo-pants-m-beige_1.jpg,Fashion,2020-10-", "action_flag": 2, "change_message": "[{\"changed\": {\"fields\": [\"Picture\"]}}]"}}, {"model": "admin.logentry", "pk": 57, "fields": {"action_time": "2020-10-26T16:46:22.943Z", "user": 4, "content_type": 8, "object_id": "TV", "object_repr": "TV: 250.00,it's a tv,https://www.sony.com/image/f161a88d5921dbaa007f98e46074bc1b?fmt=png-alpha&wid=960,Electronics,2020-10-26 16:42:56.763472+00:00", "action_flag": 2, "change_message": "[{\"changed\": {\"fields\": [\"Picture\"]}}]"}}, {"model": "admin.logentry", "pk": 58, "fields": {"action_time": "2020-10-26T16:52:10.460Z", "user": 4, "content_type": 8, "object_id": "TV", "object_repr": "TV: 250.00,it's a tv,https://www.sony.com/image/f161a88d5921dbaa007f98e46074bc1b?fmt=png-alpha&wid=960,Electronics,2020-10-26 16:42:56.763472+00:00", "action_flag": 3, "change_message": ""}}, {"model": "admin.logentry", "pk": 59, "fields": {"action_time": "2020-10-26T17:01:20.227Z", "user": 4, "content_type": 8, "object_id": "TV", "object_repr": "TV: 300.00,it's a good tv,https://www.sony.com/image/f161a88d5921dbaa007f98e46074bc1b?fmt=png-alpha&wid=960,Electronics,2020-10-26 16:59:32.011146+00:00", "action_flag": 2, "change_message": "[{\"changed\": {\"fields\": [\"Picture\"]}}]"}}, {"model": "admin.logentry", "pk": 60, "fields": {"action_time": "2020-10-26T17:05:48.568Z", "user": 4, "content_type": 8, "object_id": "TV", "object_repr": "TV: 300.00,it's a good tv,https://www.sony.com/image/f161a88d5921dbaa007f98e46074bc1b?fmt=png-alpha&wid=960,Electronics,2020-10-26 16:59:32.011146+00:00", "action_flag": 3, "change_message": ""}}, {"model": "admin.logentry", "pk": 61, "fields": {"action_time": "2020-10-26T17:08:25.745Z", "user": 4, "content_type": 8, "object_id": "tv", "object_repr": "tv: 340.00,it's a good tv,https://www.sony.com/image/f161a88d5921dbaa007f98e46074bc1b?fmt=png-alpha&wid=960,Electronics,2020-10-26 17:07:33.023058+00:00", "action_flag": 2, "change_message": "[{\"changed\": {\"fields\": [\"Picture\"]}}]"}}, {"model": "admin.logentry", "pk": 62, "fields": {"action_time": "2021-01-15T08:38:50.189Z", "user": 4, "content_type": 8, "object_id": "Earphones", "object_repr": "Earphones: 45,it's a pair of earphones,Screenshot_2021-01-12_121010.png,Electronics,2021-01-15 08:38:50.187200+00:00", "action_flag": 1, "change_message": "[{\"added\": {}}]"}}, {"model": "admin.logentry", "pk": 63, "fields": {"action_time": "2021-01-15T08:56:20.948Z", "user": 4, "content_type": 11, "object_id": "16", "object_repr": "45 - priya - Earphones: 45.00,it's a pair of earphones,Screenshot_2021-01-12_121010.png,Electronics,2021-01-15 08:38:50.187200+00:00", "action_flag": 1, "change_message": "[{\"added\": {}}]"}}, {"model": "admin.logentry", "pk": 64, "fields": {"action_time": "2021-01-15T12:22:35.882Z", "user": 4, "content_type": 8, "object_id": "shirt", "object_repr": "shirt: 20.00,it's a shirt,elephant_cotton_t-shirt_-_blue_1_1_CU54a4r.jpg,Fashion,2020-10-19 11:59:27.616308+00:00", "action_flag": 2, "change_message": "[{\"changed\": {\"fields\": [\"Picture\"]}}]"}}, {"model": "admin.logentry", "pk": 65, "fields": {"action_time": "2021-01-15T12:23:23.305Z", "user": 4, "content_type": 8, "object_id": "shirt", "object_repr": "shirt: 20.00,it's a shirt,elephant_cotton_t-shirt_-_blue_1_1_CU54a4r.jpg,Fashion,2020-10-19 11:59:27.616308+00:00", "action_flag": 2, "change_message": "[]"}}, {"model": "admin.logentry", "pk": 66, "fields": {"action_time": "2021-01-15T12:24:35.207Z", "user": 4, "content_type": 8, "object_id": "Pant", "object_repr": "Pant: 100.00,it's a pant,pants_AIkm1Kk.jpg,Fashion,2020-10-19 12:03:44.620222+00:00", "action_flag": 2, "change_message": "[{\"changed\": {\"fields\": [\"Picture\"]}}]"}}, {"model": "admin.logentry", "pk": 67, "fields": {"action_time": "2021-01-15T14:35:18.415Z", "user": 4, "content_type": 8, "object_id": "Pen", "object_repr": "Pen: 100.00,it's a pen,pen_4ydPxXS.jpg,Home,2020-10-19 06:09:56.146458+00:00", "action_flag": 2, "change_message": "[{\"changed\": {\"fields\": [\"Picture\"]}}]"}}, {"model": "admin.logentry", "pk": 68, "fields": {"action_time": "2021-01-15T14:35:42.180Z", "user": 4, "content_type": 8, "object_id": "Gloves", "object_repr": "Gloves: 10.00,it's a pair of gloves,gloves_gFYXyCP.jpg,Fashion,2020-10-19 12:05:09.447254+00:00", "action_flag": 2, "change_message": "[{\"changed\": {\"fields\": [\"Picture\"]}}]"}}, {"model": "admin.logentry", "pk": 69, "fields": {"action_time": "2021-01-15T14:36:00.484Z", "user": 4, "content_type": 8, "object_id": "Earphones", "object_repr": "Earphones: 45.00,it's a pair of earphones,earphones_KDlbHFW.jpg,Electronics,2021-01-15 08:38:50.187200+00:00", "action_flag": 2, "change_message": "[{\"changed\": {\"fields\": [\"Picture\"]}}]"}}, {"model": "admin.logentry", "pk": 70, "fields": {"action_time": "2021-01-15T14:36:26.041Z", "user": 4, "content_type": 8, "object_id": "tv", "object_repr": "tv: 340.00,it's a good tv,tv_nnNPkRZ.jfif,Electronics,2020-10-26 17:07:33.023058+00:00", "action_flag": 2, "change_message": "[{\"changed\": {\"fields\": [\"Picture\"]}}]"}}, {"model": "admin.logentry", "pk": 71, "fields": {"action_time": "2021-01-15T14:37:15.935Z", "user": 4, "content_type": 8, "object_id": "Shoes", "object_repr": "Shoes: 50.00,it's a pair of shoes,shoes_oCoaxzO.jpg,Fashion,2020-10-20 12:44:29.433206+00:00", "action_flag": 2, "change_message": "[{\"changed\": {\"fields\": [\"Picture\"]}}]"}}, {"model": "admin.logentry", "pk": 72, "fields": {"action_time": "2021-01-15T14:37:30.752Z", "user": 4, "content_type": 8, "object_id": "xbox", "object_repr": "xbox: 250.00,it's a video game,XboxSeriesXHERO_D1F3VbS.jpg,Videogames,2020-10-19 11:52:13.906388+00:00", "action_flag": 2, "change_message": "[{\"changed\": {\"fields\": [\"Picture\"]}}]"}}, {"model": "admin.logentry", "pk": 73, "fields": {"action_time": "2021-01-15T14:40:11.764Z", "user": 4, "content_type": 8, "object_id": "Book", "object_repr": "Book: 5.00,it's an empty book,default_eh94MXW.png,Books,2020-10-20 12:45:50.869579+00:00", "action_flag": 2, "change_message": "[{\"changed\": {\"fields\": [\"Picture\"]}}]"}}, {"model": "admin.logentry", "pk": 74, "fields": {"action_time": "2021-01-15T16:50:55.191Z", "user": 4, "content_type": 8, "object_id": "Chicken", "object_repr": "Chicken: 10.00,it's a chicken,,Others,2021-01-15 16:37:22.502911+00:00", "action_flag": 3, "change_message": ""}}, {"model": "auth.permission", "pk": 1, "fields": {"name": "Can add user", "content_type": 1, "codename": "add_user"}}, {"model": "auth.permission", "pk": 2, "fields": {"name": "Can change user", "content_type": 1, "codename": "change_user"}}, {"model": "auth.permission", "pk": 3, "fields": {"name": "Can delete user", "content_type": 1, "codename": "delete_user"}}, {"model": "auth.permission", "pk": 4, "fields": {"name": "Can view user", "content_type": 1, "codename": "view_user"}}, {"model": "auth.permission", "pk": 5, "fields": {"name": "Can add log entry", "content_type": 2, "codename": "add_logentry"}}, {"model": "auth.permission", "pk": 6, "fields": {"name": "Can change log entry", "content_type": 2, "codename": "change_logentry"}}, {"model": "auth.permission", "pk": 7, "fields": {"name": "Can delete log entry", "content_type": 2, "codename": "delete_logentry"}}, {"model": "auth.permission", "pk": 8, "fields": {"name": "Can view log entry", "content_type": 2, "codename": "view_logentry"}}, {"model": "auth.permission", "pk": 9, "fields": {"name": "Can add permission", "content_type": 3, "codename": "add_permission"}}, {"model": "auth.permission", "pk": 10, "fields": {"name": "Can change permission", "content_type": 3, "codename": "change_permission"}}, {"model": "auth.permission", "pk": 11, "fields": {"name": "Can delete permission", "content_type": 3, "codename": "delete_permission"}}, {"model": "auth.permission", "pk": 12, "fields": {"name": "Can view permission", "content_type": 3, "codename": "view_permission"}}, {"model": "auth.permission", "pk": 13, "fields": {"name": "Can add group", "content_type": 4, "codename": "add_group"}}, {"model": "auth.permission", "pk": 14, "fields": {"name": "Can change group", "content_type": 4, "codename": "change_group"}}, {"model": "auth.permission", "pk": 15, "fields": {"name": "Can delete group", "content_type": 4, "codename": "delete_group"}}, {"model": "auth.permission", "pk": 16, "fields": {"name": "Can view group", "content_type": 4, "codename": "view_group"}}, {"model": "auth.permission", "pk": 17, "fields": {"name": "Can add content type", "content_type": 5, "codename": "add_contenttype"}}, {"model": "auth.permission", "pk": 18, "fields": {"name": "Can change content type", "content_type": 5, "codename": "change_contenttype"}}, {"model": "auth.permission", "pk": 19, "fields": {"name": "Can delete content type", "content_type": 5, "codename": "delete_contenttype"}}, {"model": "auth.permission", "pk": 20, "fields": {"name": "Can view content type", "content_type": 5, "codename": "view_contenttype"}}, {"model": "auth.permission", "pk": 21, "fields": {"name": "Can add session", "content_type": 6, "codename": "add_session"}}, {"model": "auth.permission", "pk": 22, "fields": {"name": "Can change session", "content_type": 6, "codename": "change_session"}}, {"model": "auth.permission", "pk": 23, "fields": {"name": "Can delete session", "content_type": 6, "codename": "delete_session"}}, {"model": "auth.permission", "pk": 24, "fields": {"name": "Can view session", "content_type": 6, "codename": "view_session"}}, {"model": "auth.permission", "pk": 25, "fields": {"name": "Can add comments", "content_type": 7, "codename": "add_comments"}}, {"model": "auth.permission", "pk": 26, "fields": {"name": "Can change comments", "content_type": 7, "codename": "change_comments"}}, {"model": "auth.permission", "pk": 27, "fields": {"name": "Can delete comments", "content_type": 7, "codename": "delete_comments"}}, {"model": "auth.permission", "pk": 28, "fields": {"name": "Can view comments", "content_type": 7, "codename": "view_comments"}}, {"model": "auth.permission", "pk": 29, "fields": {"name": "Can add auction listing", "content_type": 8, "codename": "add_auctionlisting"}}, {"model": "auth.permission", "pk": 30, "fields": {"name": "Can change auction listing", "content_type": 8, "codename": "change_auctionlisting"}}, {"model": "auth.permission", "pk": 31, "fields": {"name": "Can delete auction listing", "content_type": 8, "codename": "delete_auctionlisting"}}, {"model": "auth.permission", "pk": 32, "fields": {"name": "Can view auction listing", "content_type": 8, "codename": "view_auctionlisting"}}, {"model": "auth.permission", "pk": 33, "fields": {"name": "Can add bidding", "content_type": 9, "codename": "add_bidding"}}, {"model": "auth.permission", "pk": 34, "fields": {"name": "Can change bidding", "content_type": 9, "codename": "change_bidding"}}, {"model": "auth.permission", "pk": 35, "fields": {"name": "Can delete bidding", "content_type": 9, "codename": "delete_bidding"}}, {"model": "auth.permission", "pk": 36, "fields": {"name": "Can view bidding", "content_type": 9, "codename": "view_bidding"}}, {"model": "auth.permission", "pk": 37, "fields": {"name": "Can add comment", "content_type": 10, "codename": "add_comment"}}, {"model": "auth.permission", "pk": 38, "fields": {"name": "Can change comment", "content_type": 10, "codename": "change_comment"}}, {"model": "auth.permission", "pk": 39, "fields": {"name": "Can delete comment", "content_type": 10, "codename": "delete_comment"}}, {"model": "auth.permission", "pk": 40, "fields": {"name": "Can view comment", "content_type": 10, "codename": "view_comment"}}, {"model": "auth.permission", "pk": 41, "fields": {"name": "Can add bids", "content_type": 11, "codename": "add_bids"}}, {"model": "auth.permission", "pk": 42, "fields": {"name": "Can change bids", "content_type": 11, "codename": "change_bids"}}, {"model": "auth.permission", "pk": 43, "fields": {"name": "Can delete bids", "content_type": 11, "codename": "delete_bids"}}, {"model": "auth.permission", "pk": 44, "fields": {"name": "Can view bids", "content_type": 11, "codename": "view_bids"}}, {"model": "contenttypes.contenttype", "pk": 1, "fields": {"app_label": "auctions", "model": "user"}}, {"model": "contenttypes.contenttype", "pk": 2, "fields": {"app_label": "admin", "model": "logentry"}}, {"model": "contenttypes.contenttype", "pk": 3, "fields": {"app_label": "auth", "model": "permission"}}, {"model": "contenttypes.contenttype", "pk": 4, "fields": {"app_label": "auth", "model": "group"}}, {"model": "contenttypes.contenttype", "pk": 5, "fields": {"app_label": "contenttypes", "model": "contenttype"}}, {"model": "contenttypes.contenttype", "pk": 6, "fields": {"app_label": "sessions", "model": "session"}}, {"model": "contenttypes.contenttype", "pk": 7, "fields": {"app_label": "auctions", "model": "comments"}}, {"model": "contenttypes.contenttype", "pk": 8, "fields": {"app_label": "auctions", "model": "auctionlisting"}}, {"model": "contenttypes.contenttype", "pk": 9, "fields": {"app_label": "auctions", "model": "bidding"}}, {"model": "contenttypes.contenttype", "pk": 10, "fields": {"app_label": "auctions", "model": "comment"}}, {"model": "contenttypes.contenttype", "pk": 11, "fields": {"app_label": "auctions", "model": "bids"}}, {"model": "sessions.session", "pk": "9d4fwwkbkvxy6sj1q69wy5545fhc74u8", "fields": {"session_data": "ZDliM2Q0ZjVkNzg0ZmYwMDIxMWUzNTNiNjczMmI1MWM1MmY3N2Y2OTp7Il9hdXRoX3VzZXJfaWQiOiI0IiwiX2F1dGhfdXNlcl9iYWNrZW5kIjoiZGphbmdvLmNvbnRyaWIuYXV0aC5iYWNrZW5kcy5Nb2RlbEJhY2tlbmQiLCJfYXV0aF91c2VyX2hhc2giOiJiNWZkMWFlZGIzOTViZDI3Yzk3MWQzZDRhYTBjMDk3ZTRjMDM4NGJkIn0=", "expire_date": "2020-11-09T17:00:53.684Z"}}, {"model": "sessions.session", "pk": "j09bpiwkls8enoaaau19f0csu07ll3zs", "fields": {"session_data": ".eJxVjDsOwjAQRO_iGlnrb2xK-pzBWn8WB5AjxUmFuDuJlAK60bw382YBt7WGrZclTJldmWaX3y5iepZ2gPzAdp95mtu6TJEfCj9p5-Ocy-t2un8HFXvd1zJFbckDeAJpBJEzTtAeskAAawCi0VoqIdEaWQZIypNTpCIqM2TBPl-_XzbN:1l0QRG:5KLucxNWp0J-bH1yGqGlVhhwGAJbT_SNv6vI-eLPNTE", "expire_date": "2021-01-29T14:50:58.559Z"}}]